https://cglink.me/2j8/c19289451129151031,1712052000.0,1712055600.0
https://cglink.me/2j8/c19290811312449,1712138400.0,1712143800.0
https://cglink.me/2j8/c193029131811640,1712224800.0,1712233800.0
https://cglink.me/2j8/c19289461129151037,1712656800.0,1712660400.0
https://cglink.me/2j8/c19290931312144,1712743200.0,1712748600.0
https://cglink.me/2j8/c19289351129151037,1713261600.0,1713265200.0
https://cglink.me/2j8/c192909416204437,1713348000.0,1713353400.0
https://cglink.me/2j8/c19289361129151037,1713866400.0,1713870000.0
https://cglink.me/2j8/c19289511130101954,1713952800.0,1713958200.0
https://cglink.me/2j8/c193012622120168,1714384800.0,1714392000.0
https://cglink.me/2j8/c193051541175939,1725962400.0,1725967800.0
https://cglink.me/2j8/c193051641175939,1726567200.0,1726572600.0
https://cglink.me/2j8/c193051741175939,1727172000.0,1727177400.0
https://cglink.me/2j8/c193051841175939,1727776800.0,1727782200.0
https://cglink.me/2j8/c193051941175940,1728381600.0,1728387000.0
https://cglink.me/2j8/c193052041175940,1728986400.0,1728991800.0
https://cglink.me/2j8/c193052141175940,1729591200.0,1729596600.0
https://cglink.me/2j8/c193052241175940,1730196000.0,1730201400.0
https://cglink.me/2j8/c193052341175940,1730800800.0,1730806200.0
https://cglink.me/2j8/c193052441175940,1731405600.0,1731411000.0
https://cglink.me/2j8/c19305254118011,1732615200.0,1732620600.0
https://cglink.me/2j8/c19305264118012,1733220000.0,1733225400.0
https://cglink.me/2j8/c19305274118012,1733824800.0,1733830200.0
https://cglink.me/2j8/c19305284118012,1738058400.0,1738063800.0
https://cglink.me/2j8/c19305294118013,1738663200.0,1738668600.0
https://cglink.me/2j8/c19305304118013,1739268000.0,1739273400.0
https://cglink.me/2j8/c19305314118013,1739872800.0,1739878200.0
https://cglink.me/2j8/c19305324118013,1740477600.0,1740483000.0
https://cglink.me/2j8/c19305334118014,1741082400.0,1741087800.0
https://cglink.me/2j8/c19305344118014,1741687200.0,1741692600.0
https://cglink.me/2j8/c19305354118014,1742292000.0,1742297400.0
https://cglink.me/2j8/c19305364118014,1742896800.0,1742902200.0
https://cglink.me/2j8/c19305374118015,1744106400.0,1744111800.0
https://cglink.me/2j8/c19305384118015,1744711200.0,1744716600.0
https://cglink.me/2j8/c19305394118015,1745316000.0,1745321400.0
https://cglink.me/2j8/c19305404118015,1745920800.0,1745926200.0
